Metric,Value
Total Return (%),6.6488865460127275
Annual Return (%),7.178287158159202
Sharpe Ratio,0.3163269320380499
Max Drawdown (%),-21.845103119885543
