Metric,Value
Total Return (%),40.417992920764206
Annual Return (%),29.190074625504536
Sharpe Ratio,1.4398147077585122
Max Drawdown (%),-15.860866242000782
